{"count":1,"self":19.2631616,"total":142.85660719999998,"children":{"InitializeActuators":{"count":12,"self":0.0019998999999999998,"total":0.0019998999999999998,"children":null},"InitializeSensors":{"count":12,"self":0.00095079999999999991,"total":0.00095079999999999991,"children":null},"AgentSendState":{"count":44651,"self":0.11476109999999999,"total":0.6867807,"children":{"CollectObservations":{"count":107172,"self":0.1392948,"total":0.1392948,"children":null},"WriteActionMask":{"count":107172,"self":0.016136499999999998,"total":0.016136499999999998,"children":null},"RequestDecision":{"count":107172,"self":0.1301272,"total":0.41658829999999997,"children":{"AgentInfo.ToProto":{"count":107172,"self":0.0945819,"total":0.28646109999999997,"children":{"GenerateSensorData":{"count":107172,"self":0.1918792,"total":0.1918792,"children":null}}}}}}},"DecideAction":{"count":44651,"self":120.77306879999999,"total":120.77307409999999,"children":null},"AgentAct":{"count":44651,"self":2.1035318,"total":2.1296393,"children":{"AgentInfo.ToProto":{"count":2112,"self":0.014150099999999999,"total":0.0261075,"children":{"GenerateSensorData":{"count":2112,"self":0.0119574,"total":0.0119574,"children":null}}}}}},"gauges":{"3DBall.CumulativeReward":{"count":2112,"max":100.099045,"min":0.100000165,"runningAverage":3.77845287,"value":60.69963,"weightedAverage":62.16324}},"metadata":{"timer_format_version":"0.1.0","start_time_seconds":"1728377577","unity_version":"2022.3.21f1","command_line_arguments":"C:\\Program Files\\Unity\\Hub\\Editor\\2022.3.21f1\\Editor\\Unity.exe -projectpath C:\\Users\\yjw00\\Desktop\\Proprioception-System\\20240718 -useHub -hubIPC -cloudEnvironment production -licensingIpc LicenseClient-afEtKIdljR5kyN9qPm7lR -hubSessionId 688b30ee-54e5-4053-aaf2-34d62485f089 -accessToken sWhPf30vrtHPwAgXh2htNDYhz81Vbg-n7eIbxdWK0V400df","communication_protocol_version":"1.5.0","com.unity.ml-agents_version":"2.0.0-exp.1","scene_name":"3DBall","end_time_seconds":"1728377720"}}