{"count":1,"self":11.830037599999999,"total":12.0998387,"children":{"InitializeActuators":{"count":10,"self":0.0009469,"total":0.0009469,"children":null},"InitializeSensors":{"count":10,"self":0.0045113,"total":0.0045113,"children":null},"AgentSendState":{"count":545,"self":0.0035139999999999998,"total":0.043587,"children":{"UpdateModelSpacePoses":{"count":1090,"self":0.0045194,"total":0.0045194,"children":null},"UpdateLocalSpacePoses":{"count":1090,"self":0.0045057,"total":0.0045057,"children":null},"CollectObservations":{"count":1090,"self":0.0089988999999999989,"total":0.0089988999999999989,"children":null},"WriteActionMask":{"count":1090,"self":0.0010000999999999999,"total":0.0010000999999999999,"children":null},"RequestDecision":{"count":1090,"self":0.0210489,"total":0.0210489,"children":null}}},"DecideAction":{"count":545,"self":0.1985253,"total":0.1985253,"children":null},"AgentAct":{"count":545,"self":0.022230899999999998,"total":0.022230899999999998,"children":null}},"gauges":{"Crawler.CumulativeReward":{"count":20,"max":78.44221,"min":-0.9972207,"runningAverage":21.9497623,"value":36.1261177,"weightedAverage":19.7592487}},"metadata":{"timer_format_version":"0.1.0","start_time_seconds":"1728265900","unity_version":"2022.3.21f1","command_line_arguments":"C:\\Program Files\\Unity\\Hub\\Editor\\2022.3.21f1\\Editor\\Unity.exe -projectPath C:\\Users\\yjw00\\Desktop\\Proprioception-System\\20240718","communication_protocol_version":"1.5.0","com.unity.ml-agents_version":"2.0.0-exp.1","scene_name":"Crawler","end_time_seconds":"1728265912"}}